Job Title,Company
Senior Data EngineerSenior Data Engineer with verification,No Company Found
Data EngineerData Engineer with verification,No Company Found
Data EngineerData Engineer,No Company Found
"Data Engineer, Japan Operations - Emerging MarketsData Engineer, Japan Operations - Emerging Markets with verification",No Company Found
Data Engineer - Search Department (SED)Data Engineer - Search Department (SED) with verification,No Company Found
Senior Data EngineerSenior Data Engineer with verification,No Company Found
"Data Engineer / Data Analyst - Ad & Media Solutions Section, Data Solutions Department, Marketing Solutions Business (C&M)Data Engineer / Data Analyst - Ad & Media Solutions Section, Data Solutions Department, Marketing Solutions Business (C&M) with verification",No Company Found
Data EngineerData Engineer,No Company Found
Data Engineer (JLPT N3 PASSER OR UPData Engineer (JLPT N3 PASSER OR UP,No Company Found
Data Center Operations EngineerData Center Operations Engineer with verification,No Company Found
"Officer / Assistant Vice President, APAC Network Data Engineer, Core Technology InfrastructureOfficer / Assistant Vice President, APAC Network Data Engineer, Core Technology Infrastructure with verification",No Company Found
Senior data engineer (Proptech company/Share market No1/ business Japanese)Senior data engineer (Proptech company/Share market No1/ business Japanese),No Company Found
"Data Engineer, City Data Platform Development (Employment for People with Disabilities)Data Engineer, City Data Platform Development (Employment for People with Disabilities) with verification",No Company Found
Azure Data Engineer - Life Insurance CompanyAzure Data Engineer - Life Insurance Company with verification,No Company Found
"Senior Data Engineer, Japan Consumer Innovation (JCI), JP Science and Data TechnologiesSenior Data Engineer, Japan Consumer Innovation (JCI), JP Science and Data Technologies with verification",No Company Found
Senior Data Engineer (Manager)Senior Data Engineer (Manager) with verification,No Company Found
"Data & ML Engineer (Public Sector), Professional Services - JapanData & ML Engineer (Public Sector), Professional Services - Japan with verification",No Company Found
データエンジニア・アナリスト / LINEバイト・LINEスキマニデータエンジニア・アナリスト / LINEバイト・LINEスキマニ,No Company Found
データエンジニア/データグループデータエンジニア/データグループ,No Company Found
データエンジニア / 金融領域データエンジニア / 金融領域,No Company Found
データエンジニア / LYPプレミアムデータエンジニア / LYPプレミアム,No Company Found
"Lead Data Scientist/Machine Learning Engineer (Singapore-based, relocation provided)Lead Data Scientist/Machine Learning Engineer (Singapore-based, relocation provided) with verification",No Company Found
データエンジニア / ディスプレイ広告データエンジニア / ディスプレイ広告,No Company Found
データエンジニアデータエンジニア,No Company Found
急成長中の競輪アプリ！WINTICKETのデータエンジニア募集急成長中の競輪アプリ！WINTICKETのデータエンジニア募集,No Company Found
データエンジニア・アナリティックスエンジニアデータエンジニア・アナリティックスエンジニア,No Company Found
【リモート】データエンジニア／データアナリスト【リモート】データエンジニア／データアナリスト,No Company Found
【リモート】データエンジニア（品質維持・管理・監視）【リモート】データエンジニア（品質維持・管理・監視）,No Company Found
【ハイクラス】エンジニア（データエンジニア）【ハイクラス】エンジニア（データエンジニア）,No Company Found
【東京：リモート】データ基盤エンジニア（カイポケ）【東京：リモート】データ基盤エンジニア（カイポケ）,No Company Found
【東京：リモート】データエンジニア【東京：リモート】データエンジニア,No Company Found
【東京：リモート】データエンジニア（リードエンジニア）【東京：リモート】データエンジニア（リードエンジニア）,No Company Found
【Data & AI】Auto Bridge Engineer【Data & AI】Auto Bridge Engineer with verification,No Company Found
データエンジニア（リードエンジニア候補）データエンジニア（リードエンジニア候補）,No Company Found
【東京】データアプリケーションエンジニア【東京】データアプリケーションエンジニア,No Company Found
